time,price,action,confidence,outcome,reasoning
2026-09-24T19:00:00+00:00,2690.12,HOLD,0.68,sem ação,"Há confluência suficiente para dizer que o fundo macro é bullish, mas não há confirmação limpa para comprar: a entrada ficaria muito perto de resistência e sem margem confortável face ao custo e ao risco. Prefiro esperar uma quebra confirmada acima de 2706 com volume, ou um pullback mais claro a suporte com força renovada."
2026-09-24T23:00:00+00:00,2685.53,HOLD,0.74,sem ação,"A estrutura macro é bullish, mas a execução de curto prazo não está limpa o suficiente para entrada. Falta uma confirmação mais forte, seja quebra de 2706 com volume, seja um pullback mais claro a suporte com reversão de momentum; por agora, o melhor é esperar."
2026-09-25T03:00:00+00:00,2676.79,HOLD,0.71,sem ação,"A tendência de fundo é bullish, mas a execução no 1H/15m não está confirmada para abrir longo agora. Não há quebra clara de resistência nem reversão suficientemente forte em suporte, e o risco/retorno para comprar aqui é fraco após custos. Melhor esperar por uma recuperação confirmada ou por um pullback mais claro a suporte com momentum a virar."
2026-09-25T07:00:00+00:00,2674.52,HOLD,0.76,sem ação,"A tendência maior é positiva, mas a execução de curto prazo não está limpa para abrir longo. Falta confirmação de reversão ou breakout com volume, e o risco/retorno aqui não compensa bem após custos."
2026-09-25T11:00:00+00:00,2713.98,HOLD,0.84,sem ação,"Não há uma localização boa para comprar agora: o preço está perto do high recente, o 1H está sobrecomprado e o 4H ainda não confirmou a reversão com força. O risco/retorno não fica suficientemente atrativo após custos, e prefiro esperar por breakout confirmado ou pullback mais limpo a suporte."
2026-09-25T15:00:00+00:00,2695.82,HOLD,0.79,sem ação,"Prefiro HOLD porque a estrutura maior é bullish, mas a localização atual não é ideal para comprar: há resistência muito próxima e o 15m não confirma continuação. O retorno esperado não compensa bem o risco após custos sem uma quebra acima de 2700/2706 com volume ou um pullback mais claro a suporte."
2026-09-25T19:00:00+00:00,2693.37,HOLD,0.81,sem ação,"Vou manter HOLD. A tendência de fundo é bullish, mas a entrada não está limpa: estamos demasiado perto de resistência, sem breakout confirmado nem pullback convincente a suporte, e o risco/retorno não compensa bem após custos."
2026-09-25T23:00:00+00:00,2692.14,HOLD,0.84,sem ação,"Não há ainda confirmação suficiente para abrir longo: o contexto maior é bullish, mas a execução no 1H não mostra breakout limpo nem pullback bem definido a suporte. Comprar agora seria demasiado perto de resistência e sem vantagem clara após custos."
2026-09-26T03:00:00+00:00,2691.15,HOLD,0.86,sem ação,"Não vejo vantagem estatística suficiente para abrir longo neste candle. A tendência maior apoia a direção, mas a execução está demasiado plana, perto de resistência e sem expansão de volume ou momentum claro; após custos, o risco/retorno não fica convincente."
2026-09-26T07:00:00+00:00,2685.69,HOLD,0.84,sem ação,"Vou manter HOLD. O viés macro é positivo, mas a execução no 1H está sem força e ainda não há breakout limpo nem pullback suficientemente atrativo para um longo com boa relação risco/retorno após custos. Prefiro esperar por recuperação confirmada acima da resistência imediata ou por um recuo mais claro a suporte."
2026-09-26T11:00:00+00:00,2687.35,HOLD,0.83,sem ação,"Vou manter HOLD. O viés de fundo é positivo, mas a entrada não está limpa: o 1h não confirma força, estamos perto de resistência imediata e ainda não há breakout com follow-through suficiente para compensar custos e risco. Prefiro esperar ou uma quebra acima de 2704 com continuação, ou um recuo mais claro a suporte com reversão confirmada."
2026-09-26T15:00:00+00:00,2688.67,HOLD,0.82,sem ação,"Sem posição, prefiro HOLD. O contexto maior é positivo, mas a execução no 1h está demasiado neutra/indecisa para comprar com vantagem clara após custos, e o preço está preso entre suportes e resistências curtas. Falta breakout limpo com volume ou pullback mais atrativo a suporte."
2026-09-26T19:00:00+00:00,2685.01,HOLD,0.87,sem ação,"Apesar do viés maior ainda ser positivo, a execução no curto prazo não dá entrada limpa: não há breakout confirmado nem pullback convincente com momentum de compra. Comprar agora seria perto de resistência, com pouco espaço antes de ruído e sem rácio risco/retorno suficientemente bom após custos."
2026-09-26T23:00:00+00:00,2688.85,HOLD,0.86,sem ação,"Sem posição, prefiro HOLD. A tendência maior é construtiva, mas a execução no 1h não está limpa: não há breakout confirmado nem pullback claro com volume, e o espaço até à próxima resistência é curto. Comprar agora teria pouco alfa e ficaria demasiado exposto a ruído normal."
2026-09-27T03:00:00+00:00,2697.87,HOLD,0.83,sem ação,"O viés de fundo é positivo, mas a entrada não está limpa: estamos demasiado perto de resistência e sem breakout confirmado por volume. A relação risco/retorno para novo longo ainda é fraca depois dos custos, por isso prefiro esperar por quebra acima de 2706 com follow-through ou por recuo a suporte."
2026-09-27T07:00:00+00:00,2707.25,HOLD,0.79,sem ação,"Vou manter HOLD. O contexto maior é positivo, mas a entrada agora está demasiado perto de resistência e sem confirmação suficiente de volume/continuação para superar custos e ruído. Prefiro aguardar um breakout acima de 2712 com follow-through, ou um recuo mais limpo a suporte/EMA com melhor relação risco-retorno."
2026-09-27T11:00:00+00:00,2710.28,HOLD,0.84,sem ação,"Prefiro HOLD porque não há ainda confirmação suficiente para comprar com vantagem clara após custos. O contexto macro/técnico é positivo, mas o preço está demasiado próximo de resistência e o impulso intradiário perdeu tração; melhor esperar por quebra acima de 2724/2743 com follow-through ou por recuo a suporte mais atrativo."
2026-09-27T15:00:00+00:00,2688.26,HOLD,0.88,sem ação,"Sem posição, prefiro esperar. O contexto superior é positivo, mas a execução no 1h não está limpa para comprar: falta confirmação de reversão/continuação, o preço está a lutar com resistências próximas e o momentum intradiário ainda favorece vendedores. O melhor é aguardar um reclaim de 2696/2704 com follow-through ou um teste mais limpo ao suporte com reação."
2026-09-27T19:00:00+00:00,2698.26,HOLD,0.83,sem ação,"Sem posição, prefiro HOLD. O contexto maior é construtivo, mas a entrada agora não está limpa: há resistência imediata à frente, pouca confirmação de volume e o impulso intradiário ainda não prova continuação. Melhor esperar um breakout com follow-through ou um recuo mais claro a suporte/EMA."
2026-09-27T23:00:00+00:00,2675.71,HOLD,0.83,sem ação,"Sem posição, prefiro HOLD. O fundo maior é positivo, mas a execução no 1h ainda não confirmou reversão e o momento intradiário segue vendedor. Melhor esperar reclaim de 2696/2704 com follow-through ou um toque mais limpo ao suporte com sinal de viragem."
2026-09-28T03:00:00+00:00,2653.01,HOLD,0.84,sem ação,"Sem posição, prefiro HOLD. O contexto de 1d é favorável, mas a execução no 1h/15m ainda não confirmou viragem: o momentum continua vendedor e não há reclaim limpo de níveis-chave. Comprar agora seria cedo face ao ruído e sem confirmação suficiente para compensar custos."
2026-09-28T07:00:00+00:00,2649.61,HOLD,0.84,sem ação,"Prefiro HOLD: a tendência superior é positiva, mas a execução no 1h ainda não dá confirmação suficiente para comprar com boa relação risco/retorno. Falta um sinal limpo de recuperação acima das resistências próximas ou um teste mais claro de suporte com viragem; por agora o setup está misto e o risco de entrar cedo é alto."
2026-09-28T11:00:00+00:00,2656.6,HOLD,0.84,sem ação,"Sem posição, o melhor é HOLD. O viés superior é construtivo, mas a execução intradiária ainda não confirmou compra: o 1h está abaixo das médias-chave, o 4h não virou, e comprar agora seria demasiado perto de resistência para compensar custos e risco."
2026-09-28T15:00:00+00:00,2667.13,HOLD,0.82,sem ação,"Sem posição, prefiro HOLD. O daily é construtivo, mas a execução no 1h/15m ainda não confirma reversão e o preço está num ponto neutro, sem sinal limpo de breakout ou de pullback com viragem. Além disso, o RSI não está em sobrevenda e o contexto de BTC não ajuda a sustentar uma entrada com boa margem."
