,equity
2026-09-14 19:00:00+00:00,10000.0
2026-09-14 20:00:00+00:00,10000.0
2026-09-14 21:00:00+00:00,10000.0
2026-09-14 22:00:00+00:00,10000.0
2026-09-14 23:00:00+00:00,10000.0
2026-09-15 00:00:00+00:00,10000.0
2026-09-15 01:00:00+00:00,10000.0
2026-09-15 02:00:00+00:00,10000.0
2026-09-15 03:00:00+00:00,10000.0
2026-09-15 04:00:00+00:00,10000.0
2026-09-15 05:00:00+00:00,10000.0
2026-09-15 06:00:00+00:00,10000.0
2026-09-15 07:00:00+00:00,10000.0
2026-09-15 08:00:00+00:00,10000.0
2026-09-15 09:00:00+00:00,10000.0
2026-09-15 10:00:00+00:00,10000.0
2026-09-15 11:00:00+00:00,10000.0
2026-09-15 12:00:00+00:00,10000.0
2026-09-15 13:00:00+00:00,10000.0
2026-09-15 14:00:00+00:00,10000.0
2026-09-15 15:00:00+00:00,10000.0
2026-09-15 16:00:00+00:00,10000.0
2026-09-15 17:00:00+00:00,10000.0
2026-09-15 18:00:00+00:00,10000.0
2026-09-15 19:00:00+00:00,10000.0
2026-09-15 20:00:00+00:00,10000.0
2026-09-15 21:00:00+00:00,10000.0
2026-09-15 22:00:00+00:00,10000.0
2026-09-15 23:00:00+00:00,10000.0
2026-09-16 00:00:00+00:00,10000.0
2026-09-16 01:00:00+00:00,10000.0
2026-09-16 02:00:00+00:00,10000.0
2026-09-16 03:00:00+00:00,10000.0
2026-09-16 04:00:00+00:00,10000.0
2026-09-16 05:00:00+00:00,10000.0
2026-09-16 06:00:00+00:00,10000.0
2026-09-16 07:00:00+00:00,10000.0
2026-09-16 08:00:00+00:00,10000.0
2026-09-16 09:00:00+00:00,10000.0
2026-09-16 10:00:00+00:00,10000.0
2026-09-16 11:00:00+00:00,10000.0
2026-09-16 12:00:00+00:00,10000.0
2026-09-16 13:00:00+00:00,10000.0
2026-09-16 14:00:00+00:00,10000.0
2026-09-16 15:00:00+00:00,10000.0
2026-09-16 16:00:00+00:00,10000.0
2026-09-16 17:00:00+00:00,10000.0
2026-09-16 18:00:00+00:00,10000.0
2026-09-16 19:00:00+00:00,10000.0
2026-09-16 20:00:00+00:00,10000.0
2026-09-16 21:00:00+00:00,10000.0
2026-09-16 22:00:00+00:00,10000.0
2026-09-16 23:00:00+00:00,10000.0
2026-09-17 00:00:00+00:00,10000.0
2026-09-17 01:00:00+00:00,10000.0
2026-09-17 02:00:00+00:00,10000.0
2026-09-17 03:00:00+00:00,10000.0
2026-09-17 04:00:00+00:00,10000.0
2026-09-17 05:00:00+00:00,10000.0
2026-09-17 06:00:00+00:00,10000.0
2026-09-17 07:00:00+00:00,10000.0
2026-09-17 08:00:00+00:00,10000.0
2026-09-17 09:00:00+00:00,10000.0
2026-09-17 10:00:00+00:00,10000.0
2026-09-17 11:00:00+00:00,10000.0
2026-09-17 12:00:00+00:00,10000.0
2026-09-17 13:00:00+00:00,10000.0
2026-09-17 14:00:00+00:00,10000.0
2026-09-17 15:00:00+00:00,10000.0
2026-09-17 16:00:00+00:00,10000.0
2026-09-17 17:00:00+00:00,10000.0
2026-09-17 18:00:00+00:00,10000.0
2026-09-17 19:00:00+00:00,10000.0
2026-09-17 20:00:00+00:00,10000.0
2026-09-17 21:00:00+00:00,10000.0
2026-09-17 22:00:00+00:00,10000.0
2026-09-17 23:00:00+00:00,10000.0
2026-09-18 00:00:00+00:00,10000.0
2026-09-18 01:00:00+00:00,10000.0
2026-09-18 02:00:00+00:00,10000.0
2026-09-18 03:00:00+00:00,10000.0
2026-09-18 04:00:00+00:00,10000.0
2026-09-18 05:00:00+00:00,10000.0
2026-09-18 06:00:00+00:00,10000.0
2026-09-18 07:00:00+00:00,10000.0
2026-09-18 08:00:00+00:00,10000.0
2026-09-18 09:00:00+00:00,10000.0
2026-09-18 10:00:00+00:00,10000.0
2026-09-18 11:00:00+00:00,10000.0
2026-09-18 12:00:00+00:00,10000.0
2026-09-18 13:00:00+00:00,10000.0
2026-09-18 14:00:00+00:00,10000.0
2026-09-18 15:00:00+00:00,10000.0
2026-09-18 16:00:00+00:00,10000.0
2026-09-18 17:00:00+00:00,10000.0
2026-09-18 18:00:00+00:00,10000.0
2026-09-18 19:00:00+00:00,10000.0
2026-09-18 20:00:00+00:00,10000.0
2026-09-18 21:00:00+00:00,10000.0
2026-09-18 22:00:00+00:00,10000.0
2026-09-18 23:00:00+00:00,10000.0
2026-09-19 00:00:00+00:00,10000.0
2026-09-19 01:00:00+00:00,10000.0
2026-09-19 02:00:00+00:00,10000.0
2026-09-19 03:00:00+00:00,10000.0
2026-09-19 04:00:00+00:00,10000.0
2026-09-19 05:00:00+00:00,10000.0
2026-09-19 06:00:00+00:00,10000.0
2026-09-19 07:00:00+00:00,10000.0
2026-09-19 08:00:00+00:00,10000.0
2026-09-19 09:00:00+00:00,10000.0
2026-09-19 10:00:00+00:00,10000.0
2026-09-19 11:00:00+00:00,10000.0
2026-09-19 12:00:00+00:00,10000.0
2026-09-19 13:00:00+00:00,10000.0
2026-09-19 14:00:00+00:00,10000.0
2026-09-19 15:00:00+00:00,10000.0
2026-09-19 16:00:00+00:00,10000.0
2026-09-19 17:00:00+00:00,10000.0
2026-09-19 18:00:00+00:00,10000.0
2026-09-19 19:00:00+00:00,9995.4985
2026-09-19 20:00:00+00:00,9996.308216599191
2026-09-19 21:00:00+00:00,9994.688783400808
2026-09-19 22:00:00+00:00,9970.248437651822
2026-09-19 23:00:00+00:00,9970.248437651822
2026-09-20 00:00:00+00:00,9970.248437651822
2026-09-20 01:00:00+00:00,9965.760330317615
2026-09-20 02:00:00+00:00,9937.317894730475
2026-09-20 03:00:00+00:00,9937.317894730475
2026-09-20 04:00:00+00:00,9937.317894730475
2026-09-20 05:00:00+00:00,9937.317894730475
2026-09-20 06:00:00+00:00,9937.317894730475
2026-09-20 07:00:00+00:00,9932.844611080163
2026-09-20 08:00:00+00:00,9933.119476963291
2026-09-20 09:00:00+00:00,9922.399707521254
2026-09-20 10:00:00+00:00,9928.721622833225
2026-09-20 11:00:00+00:00,9921.300243988737
2026-09-20 12:00:00+00:00,9933.39434284642
2026-09-20 13:00:00+00:00,9931.470281664517
2026-09-20 14:00:00+00:00,9926.522695768192
2026-09-20 15:00:00+00:00,9924.048902820028
2026-09-20 16:00:00+00:00,9942.739782872814
2026-09-20 17:00:00+00:00,9984.24453122532
2026-09-20 18:00:00+00:00,9972.975030017024
2026-09-20 19:00:00+00:00,9958.682004094306
2026-09-20 20:00:00+00:00,9987.542921822871
2026-09-20 21:00:00+00:00,9978.747213562736
2026-09-20 22:00:00+00:00,9971.875566484507
2026-09-20 23:00:00+00:00,10003.485143044363
2026-09-21 00:00:00+00:00,10007.333265408171
2026-09-21 01:00:00+00:00,10038.15579732019
2026-09-21 02:00:00+00:00,10038.15579732019
2026-09-21 03:00:00+00:00,10038.15579732019
2026-09-21 04:00:00+00:00,10038.15579732019
2026-09-21 05:00:00+00:00,10038.15579732019
2026-09-21 06:00:00+00:00,10038.15579732019
2026-09-21 07:00:00+00:00,10038.15579732019
2026-09-21 08:00:00+00:00,10038.15579732019
2026-09-21 09:00:00+00:00,10038.15579732019
2026-09-21 10:00:00+00:00,10038.15579732019
2026-09-21 11:00:00+00:00,10038.15579732019
2026-09-21 12:00:00+00:00,10038.15579732019
2026-09-21 13:00:00+00:00,10038.15579732019
2026-09-21 14:00:00+00:00,10038.15579732019
2026-09-21 15:00:00+00:00,10038.15579732019
2026-09-21 16:00:00+00:00,10038.15579732019
2026-09-21 17:00:00+00:00,10038.15579732019
2026-09-21 18:00:00+00:00,10038.15579732019
2026-09-21 19:00:00+00:00,10038.15579732019
2026-09-21 20:00:00+00:00,10038.15579732019
2026-09-21 21:00:00+00:00,10038.15579732019
2026-09-21 22:00:00+00:00,10038.15579732019
2026-09-21 23:00:00+00:00,10038.15579732019
2026-09-22 00:00:00+00:00,10038.15579732019
2026-09-22 01:00:00+00:00,10038.15579732019
2026-09-22 02:00:00+00:00,10038.15579732019
2026-09-22 03:00:00+00:00,10038.15579732019
2026-09-22 04:00:00+00:00,10038.15579732019
2026-09-22 05:00:00+00:00,10038.15579732019
2026-09-22 06:00:00+00:00,10038.15579732019
2026-09-22 07:00:00+00:00,10038.15579732019
2026-09-22 08:00:00+00:00,10038.15579732019
2026-09-22 09:00:00+00:00,10038.15579732019
2026-09-22 10:00:00+00:00,10038.15579732019
2026-09-22 11:00:00+00:00,10038.15579732019
2026-09-22 12:00:00+00:00,10038.15579732019
2026-09-22 13:00:00+00:00,10038.15579732019
2026-09-22 14:00:00+00:00,10038.15579732019
2026-09-22 15:00:00+00:00,10038.15579732019
2026-09-22 16:00:00+00:00,10038.15579732019
2026-09-22 17:00:00+00:00,10038.15579732019
2026-09-22 18:00:00+00:00,10038.15579732019
2026-09-22 19:00:00+00:00,10038.15579732019
2026-09-22 20:00:00+00:00,10038.15579732019
2026-09-22 21:00:00+00:00,10038.15579732019
2026-09-22 22:00:00+00:00,10038.15579732019
2026-09-22 23:00:00+00:00,10038.15579732019
2026-09-23 00:00:00+00:00,10038.15579732019
2026-09-23 01:00:00+00:00,10038.15579732019
2026-09-23 02:00:00+00:00,10038.15579732019
2026-09-23 03:00:00+00:00,10038.15579732019
2026-09-23 04:00:00+00:00,10038.15579732019
2026-09-23 05:00:00+00:00,10038.15579732019
2026-09-23 06:00:00+00:00,10038.15579732019
2026-09-23 07:00:00+00:00,10038.15579732019
2026-09-23 08:00:00+00:00,10038.15579732019
2026-09-23 09:00:00+00:00,10038.15579732019
2026-09-23 10:00:00+00:00,10038.15579732019
2026-09-23 11:00:00+00:00,10038.15579732019
2026-09-23 12:00:00+00:00,10038.15579732019
2026-09-23 13:00:00+00:00,10038.15579732019
2026-09-23 14:00:00+00:00,10038.15579732019
2026-09-23 15:00:00+00:00,10038.15579732019
2026-09-23 16:00:00+00:00,10038.15579732019
2026-09-23 17:00:00+00:00,10038.15579732019
2026-09-23 18:00:00+00:00,10038.15579732019
2026-09-23 19:00:00+00:00,10038.15579732019
2026-09-23 20:00:00+00:00,10038.15579732019
2026-09-23 21:00:00+00:00,10038.15579732019
2026-09-23 22:00:00+00:00,10038.15579732019
2026-09-23 23:00:00+00:00,10038.15579732019
2026-09-24 00:00:00+00:00,10038.15579732019
2026-09-24 01:00:00+00:00,10038.15579732019
2026-09-24 02:00:00+00:00,10038.15579732019
2026-09-24 03:00:00+00:00,10038.15579732019
2026-09-24 04:00:00+00:00,10038.15579732019
2026-09-24 05:00:00+00:00,10038.15579732019
2026-09-24 06:00:00+00:00,10038.15579732019
2026-09-24 07:00:00+00:00,10038.15579732019
2026-09-24 08:00:00+00:00,10038.15579732019
2026-09-24 09:00:00+00:00,10038.15579732019
2026-09-24 10:00:00+00:00,10038.15579732019
2026-09-24 11:00:00+00:00,10038.15579732019
2026-09-24 12:00:00+00:00,10038.15579732019
2026-09-24 13:00:00+00:00,10038.15579732019
2026-09-24 14:00:00+00:00,10038.15579732019
2026-09-24 15:00:00+00:00,10038.15579732019
2026-09-24 16:00:00+00:00,10038.15579732019
2026-09-24 17:00:00+00:00,10038.15579732019
2026-09-24 18:00:00+00:00,10038.15579732019
2026-09-24 19:00:00+00:00,10038.15579732019
2026-09-24 20:00:00+00:00,10038.15579732019
2026-09-24 21:00:00+00:00,10038.15579732019
2026-09-24 22:00:00+00:00,10038.15579732019
2026-09-24 23:00:00+00:00,10038.15579732019
2026-09-25 00:00:00+00:00,10038.15579732019
2026-09-25 01:00:00+00:00,10038.15579732019
2026-09-25 02:00:00+00:00,10038.15579732019
2026-09-25 03:00:00+00:00,10038.15579732019
2026-09-25 04:00:00+00:00,10038.15579732019
2026-09-25 05:00:00+00:00,10038.15579732019
2026-09-25 06:00:00+00:00,10038.15579732019
2026-09-25 07:00:00+00:00,10038.15579732019
2026-09-25 08:00:00+00:00,10038.15579732019
2026-09-25 09:00:00+00:00,10038.15579732019
2026-09-25 10:00:00+00:00,10038.15579732019
2026-09-25 11:00:00+00:00,10038.15579732019
2026-09-25 12:00:00+00:00,10038.15579732019
2026-09-25 13:00:00+00:00,10038.15579732019
2026-09-25 14:00:00+00:00,10038.15579732019
2026-09-25 15:00:00+00:00,10038.15579732019
2026-09-25 16:00:00+00:00,10038.15579732019
2026-09-25 17:00:00+00:00,10038.15579732019
2026-09-25 18:00:00+00:00,10038.15579732019
2026-09-25 19:00:00+00:00,10038.15579732019
2026-09-25 20:00:00+00:00,10038.15579732019
2026-09-25 21:00:00+00:00,10038.15579732019
2026-09-25 22:00:00+00:00,10038.15579732019
2026-09-25 23:00:00+00:00,10038.15579732019
2026-09-26 00:00:00+00:00,10038.15579732019
2026-09-26 01:00:00+00:00,10038.15579732019
2026-09-26 02:00:00+00:00,10038.15579732019
2026-09-26 03:00:00+00:00,10038.15579732019
2026-09-26 04:00:00+00:00,10038.15579732019
2026-09-26 05:00:00+00:00,10038.15579732019
2026-09-26 06:00:00+00:00,10038.15579732019
2026-09-26 07:00:00+00:00,10038.15579732019
2026-09-26 08:00:00+00:00,10038.15579732019
2026-09-26 09:00:00+00:00,10038.15579732019
2026-09-26 10:00:00+00:00,10038.15579732019
2026-09-26 11:00:00+00:00,10038.15579732019
2026-09-26 12:00:00+00:00,10038.15579732019
2026-09-26 13:00:00+00:00,10038.15579732019
2026-09-26 14:00:00+00:00,10038.15579732019
2026-09-26 15:00:00+00:00,10038.15579732019
2026-09-26 16:00:00+00:00,10038.15579732019
2026-09-26 17:00:00+00:00,10038.15579732019
2026-09-26 18:00:00+00:00,10038.15579732019
2026-09-26 19:00:00+00:00,10038.15579732019
2026-09-26 20:00:00+00:00,10038.15579732019
2026-09-26 21:00:00+00:00,10038.15579732019
2026-09-26 22:00:00+00:00,10038.15579732019
2026-09-26 23:00:00+00:00,10038.15579732019
2026-09-27 00:00:00+00:00,10038.15579732019
2026-09-27 01:00:00+00:00,10038.15579732019
2026-09-27 02:00:00+00:00,10038.15579732019
2026-09-27 03:00:00+00:00,10038.15579732019
2026-09-27 04:00:00+00:00,10038.15579732019
2026-09-27 05:00:00+00:00,10038.15579732019
2026-09-27 06:00:00+00:00,10038.15579732019
2026-09-27 07:00:00+00:00,10038.15579732019
2026-09-27 08:00:00+00:00,10038.15579732019
2026-09-27 09:00:00+00:00,10038.15579732019
2026-09-27 10:00:00+00:00,10038.15579732019
2026-09-27 11:00:00+00:00,10038.15579732019
2026-09-27 12:00:00+00:00,10038.15579732019
2026-09-27 13:00:00+00:00,10038.15579732019
2026-09-27 14:00:00+00:00,10038.15579732019
2026-09-27 15:00:00+00:00,10038.15579732019
2026-09-27 16:00:00+00:00,10038.15579732019
2026-09-27 17:00:00+00:00,10038.15579732019
2026-09-27 18:00:00+00:00,10038.15579732019
2026-09-27 19:00:00+00:00,10038.15579732019
2026-09-27 20:00:00+00:00,10038.15579732019
2026-09-27 21:00:00+00:00,10038.15579732019
2026-09-27 22:00:00+00:00,10038.15579732019
2026-09-27 23:00:00+00:00,10038.15579732019
2026-09-28 00:00:00+00:00,10038.15579732019
2026-09-28 01:00:00+00:00,10038.15579732019
2026-09-28 02:00:00+00:00,10038.15579732019
2026-09-28 03:00:00+00:00,10038.15579732019
2026-09-28 04:00:00+00:00,10038.15579732019
2026-09-28 05:00:00+00:00,10038.15579732019
2026-09-28 06:00:00+00:00,10038.15579732019
2026-09-28 07:00:00+00:00,10038.15579732019
2026-09-28 08:00:00+00:00,10038.15579732019
2026-09-28 09:00:00+00:00,10038.15579732019
2026-09-28 10:00:00+00:00,10038.15579732019
2026-09-28 11:00:00+00:00,10038.15579732019
2026-09-28 12:00:00+00:00,10038.15579732019
2026-09-28 13:00:00+00:00,10038.15579732019
2026-09-28 14:00:00+00:00,10038.15579732019
2026-09-28 15:00:00+00:00,10038.15579732019
2026-09-28 16:00:00+00:00,10038.15579732019
2026-09-28 17:00:00+00:00,10038.15579732019
2026-09-28 18:00:00+00:00,10038.15579732019
